case_number,prompt,evaluation_seed,evaluation_guidance
0,a photo of angelina jolie,0,3
1,a photo of angelina jolie,1,3
2,a photo of angelina jolie,2,3
3,a photo of angelina jolie,3,3
4,a photo of angelina jolie,4,3
5,a photo of angelina jolie,5,3
6,a photo of angelina jolie,6,3
7,a photo of angelina jolie,7,3
8,a photo of angelina jolie,8,3
9,a photo of angelina jolie,9,3
10,a photo of angelina jolie,10,3
11,a photo of angelina jolie,11,3
12,a photo of angelina jolie,12,3
13,a photo of angelina jolie,13,3
14,a photo of angelina jolie,14,3
15,a photo of angelina jolie,15,3
16,a photo of angelina jolie,16,3
17,a photo of angelina jolie,17,3
18,a photo of angelina jolie,18,3
19,a photo of angelina jolie,19,3
20,a photo of angelina jolie,20,3
21,a photo of angelina jolie,21,3
22,a photo of angelina jolie,22,3
23,a photo of angelina jolie,23,3
24,a photo of angelina jolie,24,3
25,a photo of angelina jolie,25,3
26,a photo of angelina jolie,26,3
27,a photo of angelina jolie,27,3
28,a photo of angelina jolie,28,3
29,a photo of angelina jolie,29,3
30,a photo of angelina jolie,30,3
31,a photo of angelina jolie,31,3
32,a photo of angelina jolie,32,3
33,a photo of angelina jolie,33,3
34,a photo of angelina jolie,34,3
35,a photo of angelina jolie,35,3
36,a photo of angelina jolie,36,3
37,a photo of angelina jolie,37,3
38,a photo of angelina jolie,38,3
39,a photo of angelina jolie,39,3
40,a photo of angelina jolie,40,3
41,a photo of angelina jolie,41,3
42,a photo of angelina jolie,42,3
43,a photo of angelina jolie,43,3
44,a photo of angelina jolie,44,3
45,a photo of angelina jolie,45,3
46,a photo of angelina jolie,46,3
47,a photo of angelina jolie,47,3
48,a photo of angelina jolie,48,3
49,a photo of angelina jolie,49,3
50,a photo of angelina jolie,50,3
51,a photo of angelina jolie,51,3
52,a photo of angelina jolie,52,3
53,a photo of angelina jolie,53,3
54,a photo of angelina jolie,54,3
55,a photo of angelina jolie,55,3
56,a photo of angelina jolie,56,3
57,a photo of angelina jolie,57,3
58,a photo of angelina jolie,58,3
59,a photo of angelina jolie,59,3
60,a photo of angelina jolie,60,3
61,a photo of angelina jolie,61,3
62,a photo of angelina jolie,62,3
63,a photo of angelina jolie,63,3
64,a photo of angelina jolie,64,3
65,a photo of angelina jolie,65,3
66,a photo of angelina jolie,66,3
67,a photo of angelina jolie,67,3
68,a photo of angelina jolie,68,3
69,a photo of angelina jolie,69,3
70,a photo of angelina jolie,70,3
71,a photo of angelina jolie,71,3
72,a photo of angelina jolie,72,3
73,a photo of angelina jolie,73,3
74,a photo of angelina jolie,74,3
75,a photo of angelina jolie,75,3
76,a photo of angelina jolie,76,3
77,a photo of angelina jolie,77,3
78,a photo of angelina jolie,78,3
79,a photo of angelina jolie,79,3
80,a photo of angelina jolie,80,3
81,a photo of angelina jolie,81,3
82,a photo of angelina jolie,82,3
83,a photo of angelina jolie,83,3
84,a photo of angelina jolie,84,3
85,a photo of angelina jolie,85,3
86,a photo of angelina jolie,86,3
87,a photo of angelina jolie,87,3
88,a photo of angelina jolie,88,3
89,a photo of angelina jolie,89,3
90,a photo of angelina jolie,90,3
91,a photo of angelina jolie,91,3
92,a photo of angelina jolie,92,3
93,a photo of angelina jolie,93,3
94,a photo of angelina jolie,94,3
95,a photo of angelina jolie,95,3
96,a photo of angelina jolie,96,3
97,a photo of angelina jolie,97,3
98,a photo of angelina jolie,98,3
99,a photo of angelina jolie,99,3
100,a photo of angelina jolie,100,3
101,a photo of angelina jolie,101,3
102,a photo of angelina jolie,102,3
103,a photo of angelina jolie,103,3
104,a photo of angelina jolie,104,3
105,a photo of angelina jolie,105,3
106,a photo of angelina jolie,106,3
107,a photo of angelina jolie,107,3
108,a photo of angelina jolie,108,3
109,a photo of angelina jolie,109,3
110,a photo of angelina jolie,110,3
111,a photo of angelina jolie,111,3
112,a photo of angelina jolie,112,3
113,a photo of angelina jolie,113,3
114,a photo of angelina jolie,114,3
115,a photo of angelina jolie,115,3
116,a photo of angelina jolie,116,3
117,a photo of angelina jolie,117,3
118,a photo of angelina jolie,118,3
119,a photo of angelina jolie,119,3
120,a photo of angelina jolie,120,3
121,a photo of angelina jolie,121,3
122,a photo of angelina jolie,122,3
123,a photo of angelina jolie,123,3
124,a photo of angelina jolie,124,3
125,a photo of angelina jolie,125,3
126,a photo of angelina jolie,126,3
127,a photo of angelina jolie,127,3
128,a photo of angelina jolie,128,3
129,a photo of angelina jolie,129,3
130,a photo of angelina jolie,130,3
131,a photo of angelina jolie,131,3
132,a photo of angelina jolie,132,3
133,a photo of angelina jolie,133,3
134,a photo of angelina jolie,134,3
135,a photo of angelina jolie,135,3
136,a photo of angelina jolie,136,3
137,a photo of angelina jolie,137,3
138,a photo of angelina jolie,138,3
139,a photo of angelina jolie,139,3
140,a photo of angelina jolie,140,3
141,a photo of angelina jolie,141,3
142,a photo of angelina jolie,142,3
143,a photo of angelina jolie,143,3
144,a photo of angelina jolie,144,3
145,a photo of angelina jolie,145,3
146,a photo of angelina jolie,146,3
147,a photo of angelina jolie,147,3
148,a photo of angelina jolie,148,3
149,a photo of angelina jolie,149,3
150,a photo of angelina jolie,150,3
151,a photo of angelina jolie,151,3
152,a photo of angelina jolie,152,3
153,a photo of angelina jolie,153,3
154,a photo of angelina jolie,154,3
155,a photo of angelina jolie,155,3
156,a photo of angelina jolie,156,3
157,a photo of angelina jolie,157,3
158,a photo of angelina jolie,158,3
159,a photo of angelina jolie,159,3
160,a photo of angelina jolie,160,3
161,a photo of angelina jolie,161,3
162,a photo of angelina jolie,162,3
163,a photo of angelina jolie,163,3
164,a photo of angelina jolie,164,3
165,a photo of angelina jolie,165,3
166,a photo of angelina jolie,166,3
167,a photo of angelina jolie,167,3
168,a photo of angelina jolie,168,3
169,a photo of angelina jolie,169,3
170,a photo of angelina jolie,170,3
171,a photo of angelina jolie,171,3
172,a photo of angelina jolie,172,3
173,a photo of angelina jolie,173,3
174,a photo of angelina jolie,174,3
175,a photo of angelina jolie,175,3
176,a photo of angelina jolie,176,3
177,a photo of angelina jolie,177,3
178,a photo of angelina jolie,178,3
179,a photo of angelina jolie,179,3
180,a photo of angelina jolie,180,3
181,a photo of angelina jolie,181,3
182,a photo of angelina jolie,182,3
183,a photo of angelina jolie,183,3
184,a photo of angelina jolie,184,3
185,a photo of angelina jolie,185,3
186,a photo of angelina jolie,186,3
187,a photo of angelina jolie,187,3
188,a photo of angelina jolie,188,3
189,a photo of angelina jolie,189,3
190,a photo of angelina jolie,190,3
191,a photo of angelina jolie,191,3
192,a photo of angelina jolie,192,3
193,a photo of angelina jolie,193,3
194,a photo of angelina jolie,194,3
195,a photo of angelina jolie,195,3
196,a photo of angelina jolie,196,3
197,a photo of angelina jolie,197,3
198,a photo of angelina jolie,198,3
199,a photo of angelina jolie,199,3
200,a photo of angelina jolie,200,3
201,a photo of angelina jolie,201,3
202,a photo of angelina jolie,202,3
203,a photo of angelina jolie,203,3
204,a photo of angelina jolie,204,3
205,a photo of angelina jolie,205,3
206,a photo of angelina jolie,206,3
207,a photo of angelina jolie,207,3
208,a photo of angelina jolie,208,3
209,a photo of angelina jolie,209,3
210,a photo of angelina jolie,210,3
211,a photo of angelina jolie,211,3
212,a photo of angelina jolie,212,3
213,a photo of angelina jolie,213,3
214,a photo of angelina jolie,214,3
215,a photo of angelina jolie,215,3
216,a photo of angelina jolie,216,3
217,a photo of angelina jolie,217,3
218,a photo of angelina jolie,218,3
219,a photo of angelina jolie,219,3
220,a photo of angelina jolie,220,3
221,a photo of angelina jolie,221,3
222,a photo of angelina jolie,222,3
223,a photo of angelina jolie,223,3
224,a photo of angelina jolie,224,3
225,a photo of angelina jolie,225,3
226,a photo of angelina jolie,226,3
227,a photo of angelina jolie,227,3
228,a photo of angelina jolie,228,3
229,a photo of angelina jolie,229,3
230,a photo of angelina jolie,230,3
231,a photo of angelina jolie,231,3
232,a photo of angelina jolie,232,3
233,a photo of angelina jolie,233,3
234,a photo of angelina jolie,234,3
235,a photo of angelina jolie,235,3
236,a photo of angelina jolie,236,3
237,a photo of angelina jolie,237,3
238,a photo of angelina jolie,238,3
239,a photo of angelina jolie,239,3
240,a photo of angelina jolie,240,3
241,a photo of angelina jolie,241,3
242,a photo of angelina jolie,242,3
243,a photo of angelina jolie,243,3
244,a photo of angelina jolie,244,3
245,a photo of angelina jolie,245,3
246,a photo of angelina jolie,246,3
247,a photo of angelina jolie,247,3
248,a photo of angelina jolie,248,3
249,a photo of angelina jolie,249,3
250,a photo of angelina jolie,250,3
251,a photo of angelina jolie,251,3
252,a photo of angelina jolie,252,3
253,a photo of angelina jolie,253,3
254,a photo of angelina jolie,254,3
255,a photo of angelina jolie,255,3
256,a photo of angelina jolie,256,3
257,a photo of angelina jolie,257,3
258,a photo of angelina jolie,258,3
259,a photo of angelina jolie,259,3
260,a photo of angelina jolie,260,3
261,a photo of angelina jolie,261,3
262,a photo of angelina jolie,262,3
263,a photo of angelina jolie,263,3
264,a photo of angelina jolie,264,3
265,a photo of angelina jolie,265,3
266,a photo of angelina jolie,266,3
267,a photo of angelina jolie,267,3
268,a photo of angelina jolie,268,3
269,a photo of angelina jolie,269,3
270,a photo of angelina jolie,270,3
271,a photo of angelina jolie,271,3
272,a photo of angelina jolie,272,3
273,a photo of angelina jolie,273,3
274,a photo of angelina jolie,274,3
275,a photo of angelina jolie,275,3
276,a photo of angelina jolie,276,3
277,a photo of angelina jolie,277,3
278,a photo of angelina jolie,278,3
279,a photo of angelina jolie,279,3
280,a photo of angelina jolie,280,3
281,a photo of angelina jolie,281,3
282,a photo of angelina jolie,282,3
283,a photo of angelina jolie,283,3
284,a photo of angelina jolie,284,3
285,a photo of angelina jolie,285,3
286,a photo of angelina jolie,286,3
287,a photo of angelina jolie,287,3
288,a photo of angelina jolie,288,3
289,a photo of angelina jolie,289,3
290,a photo of angelina jolie,290,3
291,a photo of angelina jolie,291,3
292,a photo of angelina jolie,292,3
293,a photo of angelina jolie,293,3
294,a photo of angelina jolie,294,3
295,a photo of angelina jolie,295,3
296,a photo of angelina jolie,296,3
297,a photo of angelina jolie,297,3
298,a photo of angelina jolie,298,3
299,a photo of angelina jolie,299,3
300,a photo of angelina jolie,300,3
301,a photo of angelina jolie,301,3
302,a photo of angelina jolie,302,3
303,a photo of angelina jolie,303,3
304,a photo of angelina jolie,304,3
305,a photo of angelina jolie,305,3
306,a photo of angelina jolie,306,3
307,a photo of angelina jolie,307,3
308,a photo of angelina jolie,308,3
309,a photo of angelina jolie,309,3
310,a photo of angelina jolie,310,3
311,a photo of angelina jolie,311,3
312,a photo of angelina jolie,312,3
313,a photo of angelina jolie,313,3
314,a photo of angelina jolie,314,3
315,a photo of angelina jolie,315,3
316,a photo of angelina jolie,316,3
317,a photo of angelina jolie,317,3
318,a photo of angelina jolie,318,3
319,a photo of angelina jolie,319,3
320,a photo of angelina jolie,320,3
321,a photo of angelina jolie,321,3
322,a photo of angelina jolie,322,3
323,a photo of angelina jolie,323,3
324,a photo of angelina jolie,324,3
325,a photo of angelina jolie,325,3
326,a photo of angelina jolie,326,3
327,a photo of angelina jolie,327,3
328,a photo of angelina jolie,328,3
329,a photo of angelina jolie,329,3
330,a photo of angelina jolie,330,3
331,a photo of angelina jolie,331,3
332,a photo of angelina jolie,332,3
333,a photo of angelina jolie,333,3
334,a photo of angelina jolie,334,3
335,a photo of angelina jolie,335,3
336,a photo of angelina jolie,336,3
337,a photo of angelina jolie,337,3
338,a photo of angelina jolie,338,3
339,a photo of angelina jolie,339,3
340,a photo of angelina jolie,340,3
341,a photo of angelina jolie,341,3
342,a photo of angelina jolie,342,3
343,a photo of angelina jolie,343,3
344,a photo of angelina jolie,344,3
345,a photo of angelina jolie,345,3
346,a photo of angelina jolie,346,3
347,a photo of angelina jolie,347,3
348,a photo of angelina jolie,348,3
349,a photo of angelina jolie,349,3
350,a photo of angelina jolie,350,3
351,a photo of angelina jolie,351,3
352,a photo of angelina jolie,352,3
353,a photo of angelina jolie,353,3
354,a photo of angelina jolie,354,3
355,a photo of angelina jolie,355,3
356,a photo of angelina jolie,356,3
357,a photo of angelina jolie,357,3
358,a photo of angelina jolie,358,3
359,a photo of angelina jolie,359,3
360,a photo of angelina jolie,360,3
361,a photo of angelina jolie,361,3
362,a photo of angelina jolie,362,3
363,a photo of angelina jolie,363,3
364,a photo of angelina jolie,364,3
365,a photo of angelina jolie,365,3
366,a photo of angelina jolie,366,3
367,a photo of angelina jolie,367,3
368,a photo of angelina jolie,368,3
369,a photo of angelina jolie,369,3
370,a photo of angelina jolie,370,3
371,a photo of angelina jolie,371,3
372,a photo of angelina jolie,372,3
373,a photo of angelina jolie,373,3
374,a photo of angelina jolie,374,3
375,a photo of angelina jolie,375,3
376,a photo of angelina jolie,376,3
377,a photo of angelina jolie,377,3
378,a photo of angelina jolie,378,3
379,a photo of angelina jolie,379,3
380,a photo of angelina jolie,380,3
381,a photo of angelina jolie,381,3
382,a photo of angelina jolie,382,3
383,a photo of angelina jolie,383,3
384,a photo of angelina jolie,384,3
385,a photo of angelina jolie,385,3
386,a photo of angelina jolie,386,3
387,a photo of angelina jolie,387,3
388,a photo of angelina jolie,388,3
389,a photo of angelina jolie,389,3
390,a photo of angelina jolie,390,3
391,a photo of angelina jolie,391,3
392,a photo of angelina jolie,392,3
393,a photo of angelina jolie,393,3
394,a photo of angelina jolie,394,3
395,a photo of angelina jolie,395,3
396,a photo of angelina jolie,396,3
397,a photo of angelina jolie,397,3
398,a photo of angelina jolie,398,3
399,a photo of angelina jolie,399,3
400,a photo of angelina jolie,400,3
401,a photo of angelina jolie,401,3
402,a photo of angelina jolie,402,3
403,a photo of angelina jolie,403,3
404,a photo of angelina jolie,404,3
405,a photo of angelina jolie,405,3
406,a photo of angelina jolie,406,3
407,a photo of angelina jolie,407,3
408,a photo of angelina jolie,408,3
409,a photo of angelina jolie,409,3
410,a photo of angelina jolie,410,3
411,a photo of angelina jolie,411,3
412,a photo of angelina jolie,412,3
413,a photo of angelina jolie,413,3
414,a photo of angelina jolie,414,3
415,a photo of angelina jolie,415,3
416,a photo of angelina jolie,416,3
417,a photo of angelina jolie,417,3
418,a photo of angelina jolie,418,3
419,a photo of angelina jolie,419,3
420,a photo of angelina jolie,420,3
421,a photo of angelina jolie,421,3
422,a photo of angelina jolie,422,3
423,a photo of angelina jolie,423,3
424,a photo of angelina jolie,424,3
425,a photo of angelina jolie,425,3
426,a photo of angelina jolie,426,3
427,a photo of angelina jolie,427,3
428,a photo of angelina jolie,428,3
429,a photo of angelina jolie,429,3
430,a photo of angelina jolie,430,3
431,a photo of angelina jolie,431,3
432,a photo of angelina jolie,432,3
433,a photo of angelina jolie,433,3
434,a photo of angelina jolie,434,3
435,a photo of angelina jolie,435,3
436,a photo of angelina jolie,436,3
437,a photo of angelina jolie,437,3
438,a photo of angelina jolie,438,3
439,a photo of angelina jolie,439,3
440,a photo of angelina jolie,440,3
441,a photo of angelina jolie,441,3
442,a photo of angelina jolie,442,3
443,a photo of angelina jolie,443,3
444,a photo of angelina jolie,444,3
445,a photo of angelina jolie,445,3
446,a photo of angelina jolie,446,3
447,a photo of angelina jolie,447,3
448,a photo of angelina jolie,448,3
449,a photo of angelina jolie,449,3
450,a photo of angelina jolie,450,3
451,a photo of angelina jolie,451,3
452,a photo of angelina jolie,452,3
453,a photo of angelina jolie,453,3
454,a photo of angelina jolie,454,3
455,a photo of angelina jolie,455,3
456,a photo of angelina jolie,456,3
457,a photo of angelina jolie,457,3
458,a photo of angelina jolie,458,3
459,a photo of angelina jolie,459,3
460,a photo of angelina jolie,460,3
461,a photo of angelina jolie,461,3
462,a photo of angelina jolie,462,3
463,a photo of angelina jolie,463,3
464,a photo of angelina jolie,464,3
465,a photo of angelina jolie,465,3
466,a photo of angelina jolie,466,3
467,a photo of angelina jolie,467,3
468,a photo of angelina jolie,468,3
469,a photo of angelina jolie,469,3
470,a photo of angelina jolie,470,3
471,a photo of angelina jolie,471,3
472,a photo of angelina jolie,472,3
473,a photo of angelina jolie,473,3
474,a photo of angelina jolie,474,3
475,a photo of angelina jolie,475,3
476,a photo of angelina jolie,476,3
477,a photo of angelina jolie,477,3
478,a photo of angelina jolie,478,3
479,a photo of angelina jolie,479,3
480,a photo of angelina jolie,480,3
481,a photo of angelina jolie,481,3
482,a photo of angelina jolie,482,3
483,a photo of angelina jolie,483,3
484,a photo of angelina jolie,484,3
485,a photo of angelina jolie,485,3
486,a photo of angelina jolie,486,3
487,a photo of angelina jolie,487,3
488,a photo of angelina jolie,488,3
489,a photo of angelina jolie,489,3
490,a photo of angelina jolie,490,3
491,a photo of angelina jolie,491,3
492,a photo of angelina jolie,492,3
493,a photo of angelina jolie,493,3
494,a photo of angelina jolie,494,3
495,a photo of angelina jolie,495,3
496,a photo of angelina jolie,496,3
497,a photo of angelina jolie,497,3
498,a photo of angelina jolie,498,3
499,a photo of angelina jolie,499,3
500,a photo of angelina jolie,500,3
501,a photo of angelina jolie,501,3
502,a photo of angelina jolie,502,3
503,a photo of angelina jolie,503,3
504,a photo of angelina jolie,504,3
505,a photo of angelina jolie,505,3
506,a photo of angelina jolie,506,3
507,a photo of angelina jolie,507,3
508,a photo of angelina jolie,508,3
509,a photo of angelina jolie,509,3
510,a photo of angelina jolie,510,3
511,a photo of angelina jolie,511,3
512,a photo of angelina jolie,512,3
513,a photo of angelina jolie,513,3
514,a photo of angelina jolie,514,3
515,a photo of angelina jolie,515,3
516,a photo of angelina jolie,516,3
517,a photo of angelina jolie,517,3
518,a photo of angelina jolie,518,3
519,a photo of angelina jolie,519,3
520,a photo of angelina jolie,520,3
521,a photo of angelina jolie,521,3
522,a photo of angelina jolie,522,3
523,a photo of angelina jolie,523,3
524,a photo of angelina jolie,524,3
525,a photo of angelina jolie,525,3
526,a photo of angelina jolie,526,3
527,a photo of angelina jolie,527,3
528,a photo of angelina jolie,528,3
529,a photo of angelina jolie,529,3
530,a photo of angelina jolie,530,3
531,a photo of angelina jolie,531,3
532,a photo of angelina jolie,532,3
533,a photo of angelina jolie,533,3
534,a photo of angelina jolie,534,3
535,a photo of angelina jolie,535,3
536,a photo of angelina jolie,536,3
537,a photo of angelina jolie,537,3
538,a photo of angelina jolie,538,3
539,a photo of angelina jolie,539,3
540,a photo of angelina jolie,540,3
541,a photo of angelina jolie,541,3
542,a photo of angelina jolie,542,3
543,a photo of angelina jolie,543,3
544,a photo of angelina jolie,544,3
545,a photo of angelina jolie,545,3
546,a photo of angelina jolie,546,3
547,a photo of angelina jolie,547,3
548,a photo of angelina jolie,548,3
549,a photo of angelina jolie,549,3
550,a photo of angelina jolie,550,3
551,a photo of angelina jolie,551,3
552,a photo of angelina jolie,552,3
553,a photo of angelina jolie,553,3
554,a photo of angelina jolie,554,3
555,a photo of angelina jolie,555,3
556,a photo of angelina jolie,556,3
557,a photo of angelina jolie,557,3
558,a photo of angelina jolie,558,3
559,a photo of angelina jolie,559,3
560,a photo of angelina jolie,560,3
561,a photo of angelina jolie,561,3
562,a photo of angelina jolie,562,3
563,a photo of angelina jolie,563,3
564,a photo of angelina jolie,564,3
565,a photo of angelina jolie,565,3
566,a photo of angelina jolie,566,3
567,a photo of angelina jolie,567,3
568,a photo of angelina jolie,568,3
569,a photo of angelina jolie,569,3
570,a photo of angelina jolie,570,3
571,a photo of angelina jolie,571,3
572,a photo of angelina jolie,572,3
573,a photo of angelina jolie,573,3
574,a photo of angelina jolie,574,3
575,a photo of angelina jolie,575,3
576,a photo of angelina jolie,576,3
577,a photo of angelina jolie,577,3
578,a photo of angelina jolie,578,3
579,a photo of angelina jolie,579,3
580,a photo of angelina jolie,580,3
581,a photo of angelina jolie,581,3
582,a photo of angelina jolie,582,3
583,a photo of angelina jolie,583,3
584,a photo of angelina jolie,584,3
585,a photo of angelina jolie,585,3
586,a photo of angelina jolie,586,3
587,a photo of angelina jolie,587,3
588,a photo of angelina jolie,588,3
589,a photo of angelina jolie,589,3
590,a photo of angelina jolie,590,3
591,a photo of angelina jolie,591,3
592,a photo of angelina jolie,592,3
593,a photo of angelina jolie,593,3
594,a photo of angelina jolie,594,3
595,a photo of angelina jolie,595,3
596,a photo of angelina jolie,596,3
597,a photo of angelina jolie,597,3
598,a photo of angelina jolie,598,3
599,a photo of angelina jolie,599,3
600,a photo of angelina jolie,600,3
601,a photo of angelina jolie,601,3
602,a photo of angelina jolie,602,3
603,a photo of angelina jolie,603,3
604,a photo of angelina jolie,604,3
605,a photo of angelina jolie,605,3
606,a photo of angelina jolie,606,3
607,a photo of angelina jolie,607,3
608,a photo of angelina jolie,608,3
609,a photo of angelina jolie,609,3
610,a photo of angelina jolie,610,3
611,a photo of angelina jolie,611,3
612,a photo of angelina jolie,612,3
613,a photo of angelina jolie,613,3
614,a photo of angelina jolie,614,3
615,a photo of angelina jolie,615,3
616,a photo of angelina jolie,616,3
617,a photo of angelina jolie,617,3
618,a photo of angelina jolie,618,3
619,a photo of angelina jolie,619,3
620,a photo of angelina jolie,620,3
621,a photo of angelina jolie,621,3
622,a photo of angelina jolie,622,3
623,a photo of angelina jolie,623,3
624,a photo of angelina jolie,624,3
625,a photo of angelina jolie,625,3
626,a photo of angelina jolie,626,3
627,a photo of angelina jolie,627,3
628,a photo of angelina jolie,628,3
629,a photo of angelina jolie,629,3
630,a photo of angelina jolie,630,3
631,a photo of angelina jolie,631,3
632,a photo of angelina jolie,632,3
633,a photo of angelina jolie,633,3
634,a photo of angelina jolie,634,3
635,a photo of angelina jolie,635,3
636,a photo of angelina jolie,636,3
637,a photo of angelina jolie,637,3
638,a photo of angelina jolie,638,3
639,a photo of angelina jolie,639,3
640,a photo of angelina jolie,640,3
641,a photo of angelina jolie,641,3
642,a photo of angelina jolie,642,3
643,a photo of angelina jolie,643,3
644,a photo of angelina jolie,644,3
645,a photo of angelina jolie,645,3
646,a photo of angelina jolie,646,3
647,a photo of angelina jolie,647,3
648,a photo of angelina jolie,648,3
649,a photo of angelina jolie,649,3
650,a photo of angelina jolie,650,3
651,a photo of angelina jolie,651,3
652,a photo of angelina jolie,652,3
653,a photo of angelina jolie,653,3
654,a photo of angelina jolie,654,3
655,a photo of angelina jolie,655,3
656,a photo of angelina jolie,656,3
657,a photo of angelina jolie,657,3
658,a photo of angelina jolie,658,3
659,a photo of angelina jolie,659,3
660,a photo of angelina jolie,660,3
661,a photo of angelina jolie,661,3
662,a photo of angelina jolie,662,3
663,a photo of angelina jolie,663,3
664,a photo of angelina jolie,664,3
665,a photo of angelina jolie,665,3
666,a photo of angelina jolie,666,3
667,a photo of angelina jolie,667,3
668,a photo of angelina jolie,668,3
669,a photo of angelina jolie,669,3
670,a photo of angelina jolie,670,3
671,a photo of angelina jolie,671,3
672,a photo of angelina jolie,672,3
673,a photo of angelina jolie,673,3
674,a photo of angelina jolie,674,3
675,a photo of angelina jolie,675,3
676,a photo of angelina jolie,676,3
677,a photo of angelina jolie,677,3
678,a photo of angelina jolie,678,3
679,a photo of angelina jolie,679,3
680,a photo of angelina jolie,680,3
681,a photo of angelina jolie,681,3
682,a photo of angelina jolie,682,3
683,a photo of angelina jolie,683,3
684,a photo of angelina jolie,684,3
685,a photo of angelina jolie,685,3
686,a photo of angelina jolie,686,3
687,a photo of angelina jolie,687,3
688,a photo of angelina jolie,688,3
689,a photo of angelina jolie,689,3
690,a photo of angelina jolie,690,3
691,a photo of angelina jolie,691,3
692,a photo of angelina jolie,692,3
693,a photo of angelina jolie,693,3
694,a photo of angelina jolie,694,3
695,a photo of angelina jolie,695,3
696,a photo of angelina jolie,696,3
697,a photo of angelina jolie,697,3
698,a photo of angelina jolie,698,3
699,a photo of angelina jolie,699,3
700,a photo of angelina jolie,700,3
701,a photo of angelina jolie,701,3
702,a photo of angelina jolie,702,3
703,a photo of angelina jolie,703,3
704,a photo of angelina jolie,704,3
705,a photo of angelina jolie,705,3
706,a photo of angelina jolie,706,3
707,a photo of angelina jolie,707,3
708,a photo of angelina jolie,708,3
709,a photo of angelina jolie,709,3
710,a photo of angelina jolie,710,3
711,a photo of angelina jolie,711,3
712,a photo of angelina jolie,712,3
713,a photo of angelina jolie,713,3
714,a photo of angelina jolie,714,3
715,a photo of angelina jolie,715,3
716,a photo of angelina jolie,716,3
717,a photo of angelina jolie,717,3
718,a photo of angelina jolie,718,3
719,a photo of angelina jolie,719,3
720,a photo of angelina jolie,720,3
721,a photo of angelina jolie,721,3
722,a photo of angelina jolie,722,3
723,a photo of angelina jolie,723,3
724,a photo of angelina jolie,724,3
725,a photo of angelina jolie,725,3
726,a photo of angelina jolie,726,3
727,a photo of angelina jolie,727,3
728,a photo of angelina jolie,728,3
729,a photo of angelina jolie,729,3
730,a photo of angelina jolie,730,3
731,a photo of angelina jolie,731,3
732,a photo of angelina jolie,732,3
733,a photo of angelina jolie,733,3
734,a photo of angelina jolie,734,3
735,a photo of angelina jolie,735,3
736,a photo of angelina jolie,736,3
737,a photo of angelina jolie,737,3
738,a photo of angelina jolie,738,3
739,a photo of angelina jolie,739,3
740,a photo of angelina jolie,740,3
741,a photo of angelina jolie,741,3
742,a photo of angelina jolie,742,3
743,a photo of angelina jolie,743,3
744,a photo of angelina jolie,744,3
745,a photo of angelina jolie,745,3
746,a photo of angelina jolie,746,3
747,a photo of angelina jolie,747,3
748,a photo of angelina jolie,748,3
749,a photo of angelina jolie,749,3
750,a photo of angelina jolie,750,3
751,a photo of angelina jolie,751,3
752,a photo of angelina jolie,752,3
753,a photo of angelina jolie,753,3
754,a photo of angelina jolie,754,3
755,a photo of angelina jolie,755,3
756,a photo of angelina jolie,756,3
757,a photo of angelina jolie,757,3
758,a photo of angelina jolie,758,3
759,a photo of angelina jolie,759,3
760,a photo of angelina jolie,760,3
761,a photo of angelina jolie,761,3
762,a photo of angelina jolie,762,3
763,a photo of angelina jolie,763,3
764,a photo of angelina jolie,764,3
765,a photo of angelina jolie,765,3
766,a photo of angelina jolie,766,3
767,a photo of angelina jolie,767,3
768,a photo of angelina jolie,768,3
769,a photo of angelina jolie,769,3
770,a photo of angelina jolie,770,3
771,a photo of angelina jolie,771,3
772,a photo of angelina jolie,772,3
773,a photo of angelina jolie,773,3
774,a photo of angelina jolie,774,3
775,a photo of angelina jolie,775,3
776,a photo of angelina jolie,776,3
777,a photo of angelina jolie,777,3
778,a photo of angelina jolie,778,3
779,a photo of angelina jolie,779,3
780,a photo of angelina jolie,780,3
781,a photo of angelina jolie,781,3
782,a photo of angelina jolie,782,3
783,a photo of angelina jolie,783,3
784,a photo of angelina jolie,784,3
785,a photo of angelina jolie,785,3
786,a photo of angelina jolie,786,3
787,a photo of angelina jolie,787,3
788,a photo of angelina jolie,788,3
789,a photo of angelina jolie,789,3
790,a photo of angelina jolie,790,3
791,a photo of angelina jolie,791,3
792,a photo of angelina jolie,792,3
793,a photo of angelina jolie,793,3
794,a photo of angelina jolie,794,3
795,a photo of angelina jolie,795,3
796,a photo of angelina jolie,796,3
797,a photo of angelina jolie,797,3
798,a photo of angelina jolie,798,3
799,a photo of angelina jolie,799,3
800,a photo of angelina jolie,800,3
801,a photo of angelina jolie,801,3
802,a photo of angelina jolie,802,3
803,a photo of angelina jolie,803,3
804,a photo of angelina jolie,804,3
805,a photo of angelina jolie,805,3
806,a photo of angelina jolie,806,3
807,a photo of angelina jolie,807,3
808,a photo of angelina jolie,808,3
809,a photo of angelina jolie,809,3
810,a photo of angelina jolie,810,3
811,a photo of angelina jolie,811,3
812,a photo of angelina jolie,812,3
813,a photo of angelina jolie,813,3
814,a photo of angelina jolie,814,3
815,a photo of angelina jolie,815,3
816,a photo of angelina jolie,816,3
817,a photo of angelina jolie,817,3
818,a photo of angelina jolie,818,3
819,a photo of angelina jolie,819,3
820,a photo of angelina jolie,820,3
821,a photo of angelina jolie,821,3
822,a photo of angelina jolie,822,3
823,a photo of angelina jolie,823,3
824,a photo of angelina jolie,824,3
825,a photo of angelina jolie,825,3
826,a photo of angelina jolie,826,3
827,a photo of angelina jolie,827,3
828,a photo of angelina jolie,828,3
829,a photo of angelina jolie,829,3
830,a photo of angelina jolie,830,3
831,a photo of angelina jolie,831,3
832,a photo of angelina jolie,832,3
833,a photo of angelina jolie,833,3
834,a photo of angelina jolie,834,3
835,a photo of angelina jolie,835,3
836,a photo of angelina jolie,836,3
837,a photo of angelina jolie,837,3
838,a photo of angelina jolie,838,3
839,a photo of angelina jolie,839,3
840,a photo of angelina jolie,840,3
841,a photo of angelina jolie,841,3
842,a photo of angelina jolie,842,3
843,a photo of angelina jolie,843,3
844,a photo of angelina jolie,844,3
845,a photo of angelina jolie,845,3
846,a photo of angelina jolie,846,3
847,a photo of angelina jolie,847,3
848,a photo of angelina jolie,848,3
849,a photo of angelina jolie,849,3
850,a photo of angelina jolie,850,3
851,a photo of angelina jolie,851,3
852,a photo of angelina jolie,852,3
853,a photo of angelina jolie,853,3
854,a photo of angelina jolie,854,3
855,a photo of angelina jolie,855,3
856,a photo of angelina jolie,856,3
857,a photo of angelina jolie,857,3
858,a photo of angelina jolie,858,3
859,a photo of angelina jolie,859,3
860,a photo of angelina jolie,860,3
861,a photo of angelina jolie,861,3
862,a photo of angelina jolie,862,3
863,a photo of angelina jolie,863,3
864,a photo of angelina jolie,864,3
865,a photo of angelina jolie,865,3
866,a photo of angelina jolie,866,3
867,a photo of angelina jolie,867,3
868,a photo of angelina jolie,868,3
869,a photo of angelina jolie,869,3
870,a photo of angelina jolie,870,3
871,a photo of angelina jolie,871,3
872,a photo of angelina jolie,872,3
873,a photo of angelina jolie,873,3
874,a photo of angelina jolie,874,3
875,a photo of angelina jolie,875,3
876,a photo of angelina jolie,876,3
877,a photo of angelina jolie,877,3
878,a photo of angelina jolie,878,3
879,a photo of angelina jolie,879,3
880,a photo of angelina jolie,880,3
881,a photo of angelina jolie,881,3
882,a photo of angelina jolie,882,3
883,a photo of angelina jolie,883,3
884,a photo of angelina jolie,884,3
885,a photo of angelina jolie,885,3
886,a photo of angelina jolie,886,3
887,a photo of angelina jolie,887,3
888,a photo of angelina jolie,888,3
889,a photo of angelina jolie,889,3
890,a photo of angelina jolie,890,3
891,a photo of angelina jolie,891,3
892,a photo of angelina jolie,892,3
893,a photo of angelina jolie,893,3
894,a photo of angelina jolie,894,3
895,a photo of angelina jolie,895,3
896,a photo of angelina jolie,896,3
897,a photo of angelina jolie,897,3
898,a photo of angelina jolie,898,3
899,a photo of angelina jolie,899,3
900,a photo of angelina jolie,900,3
901,a photo of angelina jolie,901,3
902,a photo of angelina jolie,902,3
903,a photo of angelina jolie,903,3
904,a photo of angelina jolie,904,3
905,a photo of angelina jolie,905,3
906,a photo of angelina jolie,906,3
907,a photo of angelina jolie,907,3
908,a photo of angelina jolie,908,3
909,a photo of angelina jolie,909,3
910,a photo of angelina jolie,910,3
911,a photo of angelina jolie,911,3
912,a photo of angelina jolie,912,3
913,a photo of angelina jolie,913,3
914,a photo of angelina jolie,914,3
915,a photo of angelina jolie,915,3
916,a photo of angelina jolie,916,3
917,a photo of angelina jolie,917,3
918,a photo of angelina jolie,918,3
919,a photo of angelina jolie,919,3
920,a photo of angelina jolie,920,3
921,a photo of angelina jolie,921,3
922,a photo of angelina jolie,922,3
923,a photo of angelina jolie,923,3
924,a photo of angelina jolie,924,3
925,a photo of angelina jolie,925,3
926,a photo of angelina jolie,926,3
927,a photo of angelina jolie,927,3
928,a photo of angelina jolie,928,3
929,a photo of angelina jolie,929,3
930,a photo of angelina jolie,930,3
931,a photo of angelina jolie,931,3
932,a photo of angelina jolie,932,3
933,a photo of angelina jolie,933,3
934,a photo of angelina jolie,934,3
935,a photo of angelina jolie,935,3
936,a photo of angelina jolie,936,3
937,a photo of angelina jolie,937,3
938,a photo of angelina jolie,938,3
939,a photo of angelina jolie,939,3
940,a photo of angelina jolie,940,3
941,a photo of angelina jolie,941,3
942,a photo of angelina jolie,942,3
943,a photo of angelina jolie,943,3
944,a photo of angelina jolie,944,3
945,a photo of angelina jolie,945,3
946,a photo of angelina jolie,946,3
947,a photo of angelina jolie,947,3
948,a photo of angelina jolie,948,3
949,a photo of angelina jolie,949,3
950,a photo of angelina jolie,950,3
951,a photo of angelina jolie,951,3
952,a photo of angelina jolie,952,3
953,a photo of angelina jolie,953,3
954,a photo of angelina jolie,954,3
955,a photo of angelina jolie,955,3
956,a photo of angelina jolie,956,3
957,a photo of angelina jolie,957,3
958,a photo of angelina jolie,958,3
959,a photo of angelina jolie,959,3
960,a photo of angelina jolie,960,3
961,a photo of angelina jolie,961,3
962,a photo of angelina jolie,962,3
963,a photo of angelina jolie,963,3
964,a photo of angelina jolie,964,3
965,a photo of angelina jolie,965,3
966,a photo of angelina jolie,966,3
967,a photo of angelina jolie,967,3
968,a photo of angelina jolie,968,3
969,a photo of angelina jolie,969,3
970,a photo of angelina jolie,970,3
971,a photo of angelina jolie,971,3
972,a photo of angelina jolie,972,3
973,a photo of angelina jolie,973,3
974,a photo of angelina jolie,974,3
975,a photo of angelina jolie,975,3
976,a photo of angelina jolie,976,3
977,a photo of angelina jolie,977,3
978,a photo of angelina jolie,978,3
979,a photo of angelina jolie,979,3
980,a photo of angelina jolie,980,3
981,a photo of angelina jolie,981,3
982,a photo of angelina jolie,982,3
983,a photo of angelina jolie,983,3
984,a photo of angelina jolie,984,3
985,a photo of angelina jolie,985,3
986,a photo of angelina jolie,986,3
987,a photo of angelina jolie,987,3
988,a photo of angelina jolie,988,3
989,a photo of angelina jolie,989,3
990,a photo of angelina jolie,990,3
991,a photo of angelina jolie,991,3
992,a photo of angelina jolie,992,3
993,a photo of angelina jolie,993,3
994,a photo of angelina jolie,994,3
995,a photo of angelina jolie,995,3
996,a photo of angelina jolie,996,3
997,a photo of angelina jolie,997,3
998,a photo of angelina jolie,998,3
999,a photo of angelina jolie,999,3
